qid,query,primary_course,query_type,fact_count,evidence_complete,evaluation_status,reason,required_facts_json,minimum_sufficient_evidence_json,missing_information,review_status,review_notes
A001,死锁的四个必要条件是什么,Operating System,enumeration,4,true,eligible,学科与问题类型分层抽查,"[{""description"": ""互斥条件：每个资源要么已分配给一个进程，要么可用。"", ""fact_id"": ""F01"", ""supporting_evidence_ids"": [""ev_67ff0a1c2697eb10ea6f"", ""ev_b1364c95ead3bb57b3b2"", ""ev_fb0a823f80558945d6e1""]}, {""description"": ""占有和等待条件：已获得资源的进程可以再请求新资源。"", ""fact_id"": ""F02"", ""supporting_evidence_ids"": [""ev_67ff0a1c2697eb10ea6f"", ""ev_b1364c95ead3bb57b3b2"", ""ev_fb0a823f80558945d6e1""]}, {""description"": ""不可抢占条件：已分配给进程的资源不能被强制抢占，只能由占有它的进程显式释放。"", ""fact_id"": ""F03"", ""supporting_evidence_ids"": [""ev_67ff0a1c2697eb10ea6f"", ""ev_1918c54622ad00ae4606"", ""ev_f1647dc7c0cfd7f120db"", ""ev_b1364c95ead3bb57b3b2"", ""ev_fb0a823f80558945d6e1""]}, {""description"": ""环路等待条件：存在由两个或以上进程组成的环路，每个进程等待下一个进程所占有的资源。"", ""fact_id"": ""F04"", ""supporting_evidence_ids"": [""ev_67ff0a1c2697eb10ea6f"", ""ev_1918c54622ad00ae4606"", ""ev_f1647dc7c0cfd7f120db""]}]","[[""ev_67ff0a1c2697eb10ea6f""]]",,auto,
A002,TCP 可靠传输机制包括哪些,Computer Networks,enumeration,6,true,eligible,学科与问题类型分层抽查,"[{""description"": ""TCP 使用差错检测（校验）机制来发现传输中的比特差错"", ""fact_id"": ""F01"", ""supporting_evidence_ids"": [""ev_7a138a39648935fdb1c5"", ""ev_96767742b66f59cc140d""]}, {""description"": ""TCP 使用序号机制，对字节流中的每个字节编号，以保证数据有序提交"", ""fact_id"": ""F02"", ""supporting_evidence_ids"": [""ev_7a138a39648935fdb1c5"", ""ev_96767742b66f59cc140d""]}, {""description"": ""TCP 使用确认机制（包括累积确认）来告知发送方哪些数据已被正确接收"", ""fact_id"": ""F03"", ""supporting_evidence_ids"": [""ev_7a138a39648935fdb1c5"", ""ev_96767742b66f59cc140d""]}, {""description"": ""TCP 使用重传机制，在超时或收到冗余确认时重传未被确认的报文段"", ""fact_id"": ""F04"", ""supporting_evidence_ids"": [""ev_7a138a39648935fdb1c5"", ""ev_96767742b66f59cc140d"", ""ev_f4f2a04d3ff369d90eee""]}, {""description"": ""TCP 使用定时器（重传定时器）来触发超时重传"", ""fact_id"": ""F05"", ""supporting_evidence_ids"": [""ev_7a138a39648935fdb1c5"", ""ev_f4f2a04d3ff369d90eee""]}, {""description"": ""TCP 首部包含用于序号和确认号的字段，以支持可靠传输"", ""fact_id"": ""F06"", ""supporting_evidence_ids"": [""ev_7a138a39648935fdb1c5""]}]","[[""ev_7a138a39648935fdb1c5"", ""ev_96767742b66f59cc140d"", ""ev_f4f2a04d3ff369d90eee""]]",,auto,
A005,红黑树必须满足哪些性质,Data Structures,enumeration,4,true,eligible,学科与问题类型分层抽查,"[{""description"": ""红黑树是一棵带有红色和黑色节点的二叉搜索树。"", ""fact_id"": ""F01"", ""supporting_evidence_ids"": [""ev_2b75963db79172100a87""]}, {""description"": ""根属性：根节点是黑色的。"", ""fact_id"": ""F02"", ""supporting_evidence_ids"": [""ev_2b75963db79172100a87""]}, {""description"": ""红色属性：红色节点（如果有的话）的子节点是黑色的。"", ""fact_id"": ""F03"", ""supporting_evidence_ids"": [""ev_2b75963db79172100a87""]}, {""description"": ""深度属性：具有零个或一个子节点的所有节点都具有相同的黑色深度（黑色祖先节点的数量）。"", ""fact_id"": ""F04"", ""supporting_evidence_ids"": [""ev_2b75963db79172100a87""]}]","[[""ev_2b75963db79172100a87""]]",,auto,
A006,B 树和 B+ 树的主要特性有哪些,Data Structures,comparison,7,true,eligible,学科与问题类型分层抽查,"[{""description"": ""B-树是m路平衡搜索树，所有外部节点深度相等，具有平衡、有序、多路的特点。"", ""fact_id"": ""F01"", ""supporting_evidence_ids"": [""ev_00ef629ef861cfc6136d"", ""ev_f7b91457ec34cd16eeab""]}, {""description"": ""m阶B-树每个内部节点最多有m-1个关键码和m个分支，除根外每个非终端节点至少有⌈m/2⌉个分支，根节点至少有两个分支。"", ""fact_id"": ""F02"", ""supporting_evidence_ids"": [""ev_00ef629ef861cfc6136d"", ""ev_f7b91457ec34cd16eeab""]}, {""description"": ""B+树是B-树的变形树，更适合用于文件索引系统。"", ""fact_id"": ""F03"", ""supporting_evidence_ids"": [""ev_7fef2c49d77934ca8e7b"", ""ev_96961025e6cf28038a9e""]}, {""description"": ""B+树中有n棵子树的节点含有n个关键字，所有叶子节点包含全部关键字信息及指向记录的指针，且叶子节点依关键字大小顺序链接。"", ""fact_id"": ""F04"", ""supporting_evidence_ids"": [""ev_7fef2c49d77934ca8e7b""]}, {""description"": ""B+树的所有非终端节点可视为索引部分，仅含有其子树中的最大或最小关键字。"", ""fact_id"": ""F05"", ""supporting_evidence_ids"": [""ev_7fef2c49d77934ca8e7b""]}, {""description"": ""B+树支持两种查找：从最小关键字起顺序查找，以及从根节点开始随机查找；每次查找都走一条从根到叶子的路径。"", ""fact_id"": ""F06"", ""supporting_evidence_ids"": [""ev_7fef2c49d77934ca8e7b""]}, {""description"": ""B-树和B+树都是平衡的多叉树，都可用于文件索引结构，都能有效支持随机检索。"", ""fact_id"": ""F07"", ""supporting_evidence_ids"": [""ev_66989a435ef1916e3cab""]}]","[[""ev_00ef629ef861cfc6136d"", ""ev_f7b91457ec34cd16eeab"", ""ev_7fef2c49d77934ca8e7b"", ""ev_66989a435ef1916e3cab""]]",,auto,
A019,Coffman 条件指的是什么,Operating System,definition,6,true,eligible,学科与问题类型分层抽查,"[{""description"": ""Coffman 条件指 Coffman 等人（1971）总结的发生资源死锁的四个必要条件。"", ""fact_id"": ""F01"", ""supporting_evidence_ids"": [""ev_67ff0a1c2697eb10ea6f""]}, {""description"": ""互斥条件：每个资源要么已分配给一个进程，要么可用。"", ""fact_id"": ""F02"", ""supporting_evidence_ids"": [""ev_67ff0a1c2697eb10ea6f""]}, {""description"": ""占有和等待条件：已得到某个资源的进程可以再请求新的资源。"", ""fact_id"": ""F03"", ""supporting_evidence_ids"": [""ev_67ff0a1c2697eb10ea6f""]}, {""description"": ""不可抢占条件：已分配给进程的资源不能被强制抢占，只能由占有它的进程显式释放。"", ""fact_id"": ""F04"", ""supporting_evidence_ids"": [""ev_67ff0a1c2697eb10ea6f""]}, {""description"": ""环路等待条件：死锁发生时系统中存在由两个或两个以上进程组成的环路，每个进程都在等待下一个进程所占有的资源。"", ""fact_id"": ""F05"", ""supporting_evidence_ids"": [""ev_67ff0a1c2697eb10ea6f""]}, {""description"": ""死锁发生时四个条件必须同时满足；任何一个条件不成立，死锁就不会发生。"", ""fact_id"": ""F06"", ""supporting_evidence_ids"": [""ev_67ff0a1c2697eb10ea6f""]}]","[[""ev_67ff0a1c2697eb10ea6f""]]",,auto,
A023,什么是 Nagle 算法,Computer Networks,definition,7,true,eligible,学科与问题类型分层抽查,"[{""description"": ""Nagle 算法由 John Nagle 提出，用于提高 TCP 传输效率。"", ""fact_id"": ""F01"", ""supporting_evidence_ids"": [""ev_17ada9e0302a67e7924a""]}, {""description"": ""当应用进程逐字节发送数据时，发送方先发送第一个字节，后续到达的数据字节被缓存。"", ""fact_id"": ""F02"", ""supporting_evidence_ids"": [""ev_17ada9e0302a67e7924a"", ""ev_8c63004cf0889306e32a""]}, {""description"": ""收到对第一个字节的确认后，发送方将缓存中的所有数据组装成一个报文段发送出去，并继续缓存随后到达的数据。"", ""fact_id"": ""F03"", ""supporting_evidence_ids"": [""ev_17ada9e0302a67e7924a"", ""ev_8c63004cf0889306e32a""]}, {""description"": ""只有在收到对前一个报文段的确认后，才继续发送下一个报文段。"", ""fact_id"": ""F04"", ""supporting_evidence_ids"": [""ev_8c63004cf0889306e32a""]}, {""description"": ""当缓存中的数据达到发送窗口的一半或接近最大报文段长度（MSS）时，立即发送一个报文段。"", ""fact_id"": ""F05"", ""supporting_evidence_ids"": [""ev_17ada9e0302a67e7924a"", ""ev_8c63004cf0889306e32a""]}, {""description"": ""Nagle 算法可减少网络带宽消耗，有效提高网络吞吐量。"", ""fact_id"": ""F06"", ""supporting_evidence_ids"": [""ev_8c63004cf0889306e32a""]}, {""description"": ""Nagle 算法与解决糊涂窗口综合征的思路相同：发送端不要发送太小的报文段，接收端通知的接收窗口不能太小。"", ""fact_id"": ""F07"", ""supporting_evidence_ids"": [""ev_32b99f1293b4122454d2""]}]","[[""ev_17ada9e0302a67e7924a"", ""ev_8c63004cf0889306e32a"", ""ev_32b99f1293b4122454d2""]]",,auto,
A028,什么是跳表Skip List,Data Structures,definition,5,true,eligible,学科与问题类型分层抽查,"[{""description"": ""跳表是一种用于实现有序映射（字典）ADT的数据结构。"", ""fact_id"": ""F01"", ""supporting_evidence_ids"": [""ev_22fd6e122235b3943cf6"", ""ev_9e42d1c9c715497adb73""]}, {""description"": ""跳表由多层有序链表组成，底层包含所有元素，高层是低层的子集。"", ""fact_id"": ""F02"", ""supporting_evidence_ids"": [""ev_22fd6e122235b3943cf6"", ""ev_81b97202587b325a25b4"", ""ev_9e42d1c9c715497adb73""]}, {""description"": ""跳表通过随机化（如抛硬币）决定元素是否提升到更高层，以概率方式构建。"", ""fact_id"": ""F03"", ""supporting_evidence_ids"": [""ev_22fd6e122235b3943cf6"", ""ev_187cd5f7e9ba017fa515""]}, {""description"": ""跳表支持高效的查找操作，期望时间复杂度为O(log n)。"", ""fact_id"": ""F04"", ""supporting_evidence_ids"": [""ev_fbe80092fe7aa3bda5cb"", ""ev_c70c83f805d32f33cfc3""]}, {""description"": ""跳表在插入和删除等更新操作上比有序数组更高效。"", ""fact_id"": ""F05"", ""supporting_evidence_ids"": [""ev_22fd6e122235b3943cf6""]}]","[[""ev_22fd6e122235b3943cf6"", ""ev_81b97202587b325a25b4"", ""ev_9e42d1c9c715497adb73"", ""ev_187cd5f7e9ba017fa515"", ""ev_fbe80092fe7aa3bda5cb"", ""ev_c70c83f805d32f33cfc3""]]",,auto,
A053,进程和线程的区别是什么,Operating System,comparison,9,true,eligible,学科与问题类型分层抽查,"[{""description"": ""进程是资源分组/资源所有权的单位，用于把地址空间、打开文件、子进程、定时器、信号处理程序、账号信息等相关资源集中管理。"", ""fact_id"": ""F01"", ""supporting_evidence_ids"": [""ev_257207837194863bd040"", ""ev_aee2d3ddcc7c40c88e8d"", ""ev_d5d88466f2344953e724""]}, {""description"": ""线程是CPU调度和执行的基本单位，操作系统选择线程而不是进程来运行。"", ""fact_id"": ""F02"", ""supporting_evidence_ids"": [""ev_257207837194863bd040"", ""ev_d5d88466f2344953e724""]}, {""description"": ""同一进程内的多个线程共享该进程的地址空间，因此可以访问相同的数据。"", ""fact_id"": ""F03"", ""supporting_evidence_ids"": [""ev_257207837194863bd040"", ""ev_c4a8af085a12213a8975"", ""ev_aee2d3ddcc7c40c88e8d""]}, {""description"": ""每个线程拥有自己的程序计数器、寄存器和栈，用于记录执行位置、工作变量和执行历史。"", ""fact_id"": ""F04"", ""supporting_evidence_ids"": [""ev_257207837194863bd040"", ""ev_c4a8af085a12213a8975""]}, {""description"": ""线程比进程更轻量级，创建和撤销更快，在许多系统中创建一个线程比创建一个进程快10~100倍。"", ""fact_id"": ""F05"", ""supporting_evidence_ids"": [""ev_62d7463daa008d7f18ff""]}, {""description"": ""线程间的上下文切换与进程间类似，但线程切换时地址空间保持不变，不需要切换当前使用的页表。"", ""fact_id"": ""F06"", ""supporting_evidence_ids"": [""ev_c4a8af085a12213a8975""]}, {""description"": ""进程拥有自己的地址空间，而同一进程内的线程共享地址空间；单线程进程只有一个栈，多线程进程中每个线程各有一个栈。"", ""fact_id"": ""F07"", ""supporting_evidence_ids"": [""ev_257207837194863bd040"", ""ev_c4a8af085a12213a8975""]}, {""description"": ""线程共享进程的已打开文件、信号处理函数、定时器信号等进程级全局属性。"", ""fact_id"": ""F08"", ""supporting_evidence_ids"": [""ev_aee2d3ddcc7c40c88e8d"", ""ev_24635f2cd2922129398b""]}, {""description"": ""进程有调度状态（就绪、运行、阻塞等），而线程是调度实体，每个线程有调度状态。"", ""fact_id"": ""F09"", ""supporting_evidence_ids"": [""ev_d5d88466f2344953e724""]}]","[[""ev_257207837194863bd040"", ""ev_c4a8af085a12213a8975"", ""ev_62d7463daa008d7f18ff"", ""ev_aee2d3ddcc7c40c88e8d"", ""ev_d5d88466f2344953e724""]]",,auto,
A054,TCP 和 UDP 的区别是什么,Computer Networks,comparison,8,true,eligible,学科与问题类型分层抽查,"[{""description"": ""TCP 是面向连接的传输层协议，UDP 是无连接的传输层协议。"", ""fact_id"": ""F01"", ""supporting_evidence_ids"": [""ev_58e4d71d12c93437556f"", ""ev_cb268b3f4d4e3a13a9a7"", ""ev_c4858999b1b5bab956ac""]}, {""description"": ""TCP 提供可靠数据传输，UDP 不保证可靠交付。"", ""fact_id"": ""F02"", ""supporting_evidence_ids"": [""ev_58e4d71d12c93437556f"", ""ev_978fe594d1fa720c377b"", ""ev_c4858999b1b5bab956ac""]}, {""description"": ""TCP 面向字节流，UDP 面向报文（报文长度由应用进程决定）。"", ""fact_id"": ""F03"", ""supporting_evidence_ids"": [""ev_58e4d71d12c93437556f"", ""ev_1b0e6b434c08fa818023"", ""ev_c08e3c6da0da227ba6cb""]}, {""description"": ""TCP 具有流量控制和拥塞控制功能，UDP 没有拥塞控制，也不进行流量控制。"", ""fact_id"": ""F04"", ""supporting_evidence_ids"": [""ev_58e4d71d12c93437556f"", ""ev_cb268b3f4d4e3a13a9a7"", ""ev_ec846c63e0a9d59eb9f0""]}, {""description"": ""TCP 报文段首部开销为 20 字节，UDP 首部开销仅 8 字节。"", ""fact_id"": ""F05"", ""supporting_evidence_ids"": [""ev_4c4d0f537c533fe12aa2"", ""ev_978fe594d1fa720c377b"", ""ev_ec846c63e0a9d59eb9f0""]}, {""description"": ""TCP 连接是点到点（一对一）的，UDP 支持一对一、一对多、多对一和多对多交互通信。"", ""fact_id"": ""F06"", ""supporting_evidence_ids"": [""ev_1b0e6b434c08fa818023"", ""ev_978fe594d1fa720c377b"", ""ev_ec846c63e0a9d59eb9f0""]}, {""description"": ""TCP 提供全双工通信，UDP 不提供。"", ""fact_id"": ""F07"", ""supporting_evidence_ids"": [""ev_1b0e6b434c08fa818023""]}, {""description"": ""UDP 无须建立连接，因此不会引入建立连接的时延；TCP 需要三次握手建立连接。"", ""fact_id"": ""F08"", ""supporting_evidence_ids"": [""ev_4c4d0f537c533fe12aa2"", ""ev_978fe594d1fa720c377b""]}]","[[""ev_58e4d71d12c93437556f"", ""ev_1b0e6b434c08fa818023"", ""ev_4c4d0f537c533fe12aa2"", ""ev_978fe594d1fa720c377b"", ""ev_cb268b3f4d4e3a13a9a7"", ""ev_ec846c63e0a9d59eb9f0"", ""ev_c08e3c6da0da227ba6cb""]]",,auto,
